tempo;potencia_PV;potencia_rede;soc_estacionaria;cx_bike_0;cx_bike_1;cx_bike_2;cx_bike_3;cx_bike_4;cx_bike_5;cx_bike_6;cx_bike_7;cx_bike_8;cx_bike_9;soc_bike_0;soc_bike_1;soc_bike_2;soc_bike_3;soc_bike_4;soc_bike_5;soc_bike_6;soc_bike_7;soc_bike_8;soc_bike_9;potencia_estacionaria;p_bike_0;p_bike_1;p_bike_2;p_bike_3;p_bike_4;p_bike_5;p_bike_6;p_bike_7;p_bike_8;p_bike_9
0;0;;;1;1;1;1;1;1;1;1;1;1;0.5;0.5;0.5;0.5;0.5;0.5;0.5;0.5;0.5;0.5;;;;;;;;;;;
1;0;;;1;1;1;1;1;1;1;1;1;1;1;1;1;1;1;1;1;1;1;1;;;;;;;;;;;
2;0;;;1;1;1;1;1;1;1;1;1;1;1;1;1;1;1;1;1;1;1;1;;;;;;;;;;;
3;0;;;1;1;1;1;1;1;1;1;1;1;1;1;1;1;1;1;1;1;1;1;;;;;;;;;;;
4;0;;;1;1;1;1;1;1;1;1;1;1;1;1;1;1;1;1;1;1;1;1;;;;;;;;;;;
5;0;;;1;1;1;1;1;1;1;1;1;1;1;1;1;1;1;1;1;1;1;1;;;;;;;;;;;
6;0;;;1;1;1;1;1;1;1;1;1;1;1;1;1;1;1;1;1;1;1;1;;;;;;;;;;;
7;0;;;0;1;1;1;1;1;1;1;1;1;0;1;1;1;1;1;1;1;1;1;;;;;;;;;;;
8;0;;;0;1;1;1;1;1;1;1;1;1;0;1;1;1;1;1;1;1;1;1;;;;;;;;;;;
9;0;;;0;1;1;1;1;1;1;1;1;1;0;1;1;1;1;1;1;1;1;1;;;;;;;;;;;
10;0;;;0;1;1;1;1;1;1;1;1;1;0;1;1;1;1;1;1;1;1;1;;;;;;;;;;;
11;0;;;0;1;1;1;1;1;1;1;1;1;0;1;1;1;1;1;1;1;1;1;;;;;;;;;;;
12;0;;;0;1;1;1;1;1;1;1;1;1;0;1;1;1;1;1;1;1;1;1;;;;;;;;;;;
13;0;;;0;1;1;1;1;1;1;1;1;1;0;1;1;1;1;1;1;1;1;1;;;;;;;;;;;
14;0;;;0;1;1;1;1;1;1;1;1;1;0;1;1;1;1;1;1;1;1;1;;;;;;;;;;;
15;0;;;0;1;1;1;1;1;1;1;1;1;0;1;1;1;1;1;1;1;1;1;;;;;;;;;;;
16;0;;;0;1;1;1;1;1;1;1;1;1;0;1;1;1;1;1;1;1;1;1;;;;;;;;;;;
17;0;;;0;1;1;1;1;1;1;1;1;1;0;1;1;1;1;1;1;1;1;1;;;;;;;;;;;
18;0;;;0;1;1;1;1;1;1;1;1;1;0;1;1;1;1;1;1;1;1;1;;;;;;;;;;;
19;0;;;0;1;1;1;1;1;1;1;1;1;0;1;1;1;1;1;1;1;1;1;;;;;;;;;;;
20;0;;;0;1;1;1;1;1;1;1;1;1;0;1;1;1;1;1;1;1;1;1;;;;;;;;;;;
21;0;;;0;1;1;1;1;1;1;1;1;1;0;1;1;1;1;1;1;1;1;1;;;;;;;;;;;
22;0;;;0;1;1;1;1;1;1;1;1;1;0;1;1;1;1;1;1;1;1;1;;;;;;;;;;;
23;0;;;0;1;1;1;1;1;1;1;1;1;0;1;1;1;1;1;1;1;1;1;;;;;;;;;;;
24;0;;;0;1;1;1;1;1;1;1;1;1;0;1;1;1;1;1;1;1;1;1;;;;;;;;;;;
25;0;;;0;1;1;1;1;1;1;1;1;1;0;1;1;1;1;1;1;1;1;1;;;;;;;;;;;
26;0;;;0;1;1;1;1;1;1;1;1;1;0;1;1;1;1;1;1;1;1;1;;;;;;;;;;;
27;0;;;0;1;1;1;1;1;1;1;1;1;0;1;1;1;1;1;1;1;1;1;;;;;;;;;;;
28;0;;;1;1;1;1;1;1;1;1;1;1;0.5;1;1;1;1;1;1;1;1;1;;;;;;;;;;;
29;0;;;1;1;1;1;1;1;1;1;1;1;1;1;1;1;1;1;1;1;1;1;;;;;;;;;;;
30;0;;;1;1;1;1;1;1;1;1;1;1;1;1;1;1;1;1;1;1;1;1;;;;;;;;;;;
31;0;;;1;1;1;1;1;1;1;1;1;1;1;1;1;1;1;1;1;1;1;1;;;;;;;;;;;
32;0;;;1;1;1;1;1;1;1;1;1;1;1;1;1;1;1;1;1;1;1;1;;;;;;;;;;;
33;0;;;1;1;1;1;1;1;1;1;1;1;1;1;1;1;1;1;1;1;1;1;;;;;;;;;;;
34;0;;;1;1;1;1;1;1;1;1;1;1;1;1;1;1;1;1;1;1;1;1;;;;;;;;;;;
35;0;;;1;1;0;1;1;1;1;1;1;1;1;1;0;1;1;1;1;1;1;1;;;;;;;;;;;
36;0.27027027;;;1;1;0;1;1;1;1;1;1;1;1;1;0;1;1;1;1;1;1;1;;;;;;;;;;;
37;0.680335508;;;1;1;0;0;1;1;1;1;1;1;1;1;0;0;1;1;1;1;1;1;;;;;;;;;;;
38;1.090.400.746;;;1;1;0;0;1;1;1;1;1;1;1;1;0;0;1;1;1;1;1;1;;;;;;;;;;;
39;1.463.187.325;;;1;1;0;0;1;1;1;1;1;1;1;1;0;0;1;1;1;1;1;1;;;;;;;;;;;
40;1.780.055.918;;;1;1;0;0;1;1;1;1;1;1;1;1;0;0;1;1;1;1;1;1;;;;;;;;;;;
41;2.292.637.465;;;1;1;1;0;1;1;1;1;1;1;1;1;0.1;0;1;1;1;1;1;1;;;;;;;;;;;
42;2.767.940.354;;;1;1;1;0;1;1;1;1;1;1;1;1;1;0;1;1;1;1;1;1;;;;;;;;;;;
43;3.196.644.921;;;1;1;1;1;1;1;1;1;1;1;1;1;1;0.7;1;1;1;1;1;1;;;;;;;;;;;
44;3.643.988.816;;;1;1;1;1;1;1;1;1;1;1;1;1;1;1;1;1;1;1;1;1;;;;;;;;;;;
45;4.072.693.383;;;1;1;1;1;1;1;1;1;1;1;1;1;1;1;1;1;1;1;1;1;;;;;;;;;;;
46;4.482.758.621;;;1;1;1;1;1;1;1;1;1;1;1;1;1;1;1;1;1;1;1;1;;;;;;;;;;;
47;4.930.102.516;;;1;1;1;1;1;1;1;1;1;1;1;1;1;1;1;1;1;1;1;1;;;;;;;;;;;
48;5.097.856.477;;;1;1;1;1;1;1;1;1;1;1;1;1;1;1;1;1;1;1;1;1;;;;;;;;;;;
49;5.526.561.044;;;1;1;1;1;1;1;1;1;1;1;1;1;1;1;1;1;1;1;1;1;;;;;;;;;;;
50;578.751.165;;;1;1;1;1;1;1;1;1;1;1;1;1;1;1;1;1;1;1;1;1;;;;;;;;;;;
51;6.076.421.249;;;1;1;1;1;1;1;1;1;1;1;1;1;1;1;1;1;1;1;1;1;;;;;;;;;;;
52;6.421.248.835;;;1;1;1;1;1;1;1;1;1;1;1;1;1;1;1;1;1;1;1;1;;;;;;;;;;;
53;6.803.355.079;;;1;1;1;1;1;1;1;1;1;1;1;1;1;1;1;1;1;1;1;1;;;;;;;;;;;
54;7.455.731.594;;;1;1;1;1;1;1;1;1;1;1;1;1;1;1;1;1;1;1;1;1;;;;;;;;;;;
55;7.623.485.555;;;1;1;1;1;1;1;1;1;1;1;1;1;1;1;1;1;1;1;1;1;;;;;;;;;;;
56;7.903.075.489;;;1;1;1;1;1;1;1;1;1;1;1;1;1;1;1;1;1;1;1;1;;;;;;;;;;;
57;8.313.140.727;;;1;1;1;1;1;1;1;1;1;1;1;1;1;1;1;1;1;1;1;1;;;;;;;;;;;
58;8.480.894.688;;;1;1;1;1;1;1;1;1;1;1;1;1;1;1;1;1;1;1;1;1;;;;;;;;;;;
59;8.760.484.623;;;1;1;1;1;1;1;1;1;1;1;1;1;1;1;1;1;1;1;1;1;;;;;;;;;;;
60;8.732.525.629;;;1;1;1;1;1;1;1;1;1;1;1;1;1;1;1;1;1;1;1;1;;;;;;;;;;;
61;8.909.599.254;;;1;1;1;1;1;1;1;1;1;1;1;1;1;1;1;1;1;1;1;1;;;;;;;;;;;
62;8.918.918.919;;;1;1;1;1;1;1;1;1;1;1;1;1;1;1;1;1;1;1;1;1;;;;;;;;;;;
63;9.245.107.176;;;1;1;1;1;1;1;1;1;1;1;1;1;1;1;1;1;1;1;1;1;;;;;;;;;;;
64;9.506.057.782;;;1;1;1;1;1;1;1;1;1;1;1;1;1;1;1;1;1;1;1;1;;;;;;;;;;;
65;9.617.893.756;;;1;1;1;1;1;1;1;1;1;1;1;1;1;1;1;1;1;1;1;1;;;;;;;;;;;
66;972.972.973;;;1;1;1;1;1;1;1;1;1;1;1;1;1;1;1;1;1;1;1;1;;;;;;;;;;;
67;9.822.926.375;;;1;1;1;1;1;1;1;1;1;1;1;1;1;1;1;1;1;1;1;1;;;;;;;;;;;
68;9.897.483.691;;;1;1;1;1;1;1;1;1;1;1;1;1;1;1;1;1;1;1;1;1;;;;;;;;;;;
69;9.953.401.678;;;1;1;1;1;1;1;1;1;1;1;1;1;1;1;1;1;1;1;1;1;;;;;;;;;;;
70;9.953.401.678;;;1;1;1;1;1;1;1;1;1;1;1;1;1;1;1;1;1;1;1;1;;;;;;;;;;;
71;9.990.680.336;;;1;1;1;1;1;1;1;1;1;1;1;1;1;1;1;1;1;1;1;1;;;;;;;;;;;
72;10;;;1;1;1;1;1;1;1;1;1;1;1;1;1;1;1;1;1;1;1;1;;;;;;;;;;;
73;10;;;1;1;1;1;1;1;1;1;1;1;1;1;1;1;1;1;1;1;1;1;;;;;;;;;;;
74;9.906.803.355;;;1;1;1;1;1;1;1;1;1;1;1;1;1;1;1;1;1;1;1;1;;;;;;;;;;;
75;9.794.967.381;;;1;1;1;1;1;1;1;1;1;1;1;1;1;1;1;1;1;1;1;1;;;;;;;;;;;
76;9.673.811.743;;;1;1;1;1;1;1;1;1;1;1;1;1;1;1;1;1;1;1;1;1;;;;;;;;;;;
77;9.468.779.124;;;1;1;1;1;1;1;1;1;1;1;1;1;1;1;1;1;1;1;1;1;;;;;;;;;;;
78;9.263.746.505;;;1;1;1;1;1;1;1;1;1;1;1;1;1;1;1;1;1;1;1;1;;;;;;;;;;;
79;9.068.033.551;;;1;1;1;1;1;1;1;1;1;1;1;1;1;1;1;1;1;1;1;1;;;;;;;;;;;
80;8.807.082.945;;;1;1;1;1;1;1;1;1;1;1;1;1;1;1;1;1;1;1;1;1;;;;;;;;;;;
81;863.000.932;;;1;1;1;1;1;1;1;1;1;1;1;1;1;1;1;1;1;1;1;1;;;;;;;;;;;
82;8.387.698.043;;;1;1;1;1;1;1;1;1;1;1;1;1;1;1;1;1;1;1;1;1;;;;;;;;;;;
83;8.080.149.115;;;1;1;1;1;1;1;1;1;1;1;1;1;1;1;1;1;1;1;1;1;;;;;;;;;;;
84;7.837.837.838;;;1;1;1;1;1;1;1;1;1;1;1;1;1;1;1;1;1;1;1;1;;;;;;;;;;;
85;7.437.092.265;;;1;1;1;1;1;1;1;1;1;1;1;1;1;1;1;1;1;1;1;1;;;;;;;;;;;
86;7.129.543.336;;;1;1;1;1;1;1;1;1;1;1;1;1;1;1;1;1;1;1;1;1;;;;;;;;;;;
87;6.766.076.421;;;1;1;1;1;1;1;1;1;1;1;1;1;1;1;1;1;1;1;1;1;;;;;;;;;;;
88;6.337.371.855;;;1;1;1;1;1;1;1;1;1;1;1;1;1;1;1;1;1;1;1;1;;;;;;;;;;;
89;5.852.749.301;;;1;1;1;1;1;1;1;1;1;1;1;1;1;1;1;1;1;1;1;1;;;;;;;;;;;
90;5.526.561.044;;;1;1;1;1;1;1;1;1;1;1;1;1;1;1;1;1;1;1;1;1;;;;;;;;;;;
91;5.163.094.129;;;1;1;1;1;1;1;1;1;1;1;1;1;1;1;1;1;1;1;1;1;;;;;;;;;;;
92;4.697.110.904;;;1;1;1;1;1;1;1;1;1;1;1;1;1;1;1;1;1;1;1;1;;;;;;;;;;;
93;4.259.086.673;;;1;1;1;1;1;1;1;1;1;1;1;1;1;1;1;1;1;1;1;1;;;;;;;;;;;
94;3.839.701.771;;;1;1;1;1;1;1;1;1;1;1;1;1;1;1;1;1;1;1;1;1;;;;;;;;;;;
95;3.327.120.224;;;1;1;1;1;1;1;1;1;1;1;1;1;1;1;1;1;1;1;1;1;;;;;;;;;;;
96;2.935.694.315;;;1;1;1;1;1;1;1;1;1;1;1;1;1;1;1;1;1;1;1;1;;;;;;;;;;;
97;2.488.350.419;;;1;1;1;1;1;1;1;1;1;1;1;1;1;1;1;1;1;1;1;1;;;;;;;;;;;
98;2.041.006.524;;;1;1;1;1;1;1;1;1;1;1;1;1;1;1;1;1;1;1;1;1;;;;;;;;;;;
99;1.640.260.951;;;1;1;1;1;1;1;1;1;1;1;1;1;1;1;1;1;1;1;1;1;;;;;;;;;;;
100;1.146.318.733;;;1;1;1;1;1;1;1;1;1;1;1;1;1;1;1;1;1;1;1;1;;;;;;;;;;;
101;0.801491146;;;1;1;1;1;1;1;1;1;1;1;1;1;1;1;1;1;1;1;1;1;;;;;;;;;;;
102;0.307548928;;;1;1;1;1;1;1;1;1;1;1;1;1;1;1;1;1;1;1;1;1;;;;;;;;;;;
103;0.149114632;;;1;1;1;1;1;1;1;1;1;1;1;1;1;1;1;1;1;1;1;1;;;;;;;;;;;
104;0;;;1;1;1;1;1;1;1;1;1;1;1;1;1;1;1;1;1;1;1;1;;;;;;;;;;;
105;0;;;1;1;1;1;1;1;1;1;1;1;1;1;1;1;1;1;1;1;1;1;;;;;;;;;;;
106;0;;;1;1;1;1;1;1;1;1;1;1;1;1;1;1;1;1;1;1;1;1;;;;;;;;;;;
107;0;;;1;1;1;1;1;1;1;1;1;1;1;1;1;1;1;1;1;1;1;1;;;;;;;;;;;
108;0;;;1;1;1;1;1;1;0;1;1;1;1;1;1;1;1;1;0;1;1;1;;;;;;;;;;;
109;0;;;1;1;1;1;1;1;0;1;1;1;1;1;1;1;1;1;0;1;1;1;;;;;;;;;;;
110;0;;;1;1;1;1;1;1;0;1;1;1;1;1;1;1;1;1;0;1;1;1;;;;;;;;;;;
111;0;;;1;1;1;1;1;1;0;1;1;1;1;1;1;1;1;1;0;1;1;1;;;;;;;;;;;
112;0;;;1;1;1;1;1;1;0;1;1;1;1;1;1;1;1;1;0;1;1;1;;;;;;;;;;;
113;0;;;1;1;1;1;1;1;0;1;1;1;1;1;1;1;1;1;0;1;1;1;;;;;;;;;;;
114;0;;;1;1;1;1;1;1;1;1;1;1;1;1;1;1;1;1;0.4;1;1;1;;;;;;;;;;;
115;0;;;1;1;1;1;1;1;1;1;1;1;1;1;1;1;1;1;1;1;1;1;;;;;;;;;;;
116;0;;;1;1;1;1;1;1;1;1;1;1;1;1;1;1;1;1;1;1;1;1;;;;;;;;;;;
117;0;;;1;1;1;1;1;1;1;1;1;1;1;1;1;1;1;1;1;1;1;1;;;;;;;;;;;
118;0;;;1;1;1;1;1;1;1;1;1;1;1;1;1;1;1;1;1;1;1;1;;;;;;;;;;;
119;0;;;1;1;1;1;1;1;1;1;1;1;1;1;1;1;1;1;1;1;1;1;;;;;;;;;;;
120;0;;;1;1;1;1;1;1;1;1;1;1;1;1;1;1;1;1;1;1;1;1;;;;;;;;;;;
121;0;;;1;1;1;1;1;1;1;1;1;1;1;1;1;1;1;1;1;1;1;1;;;;;;;;;;;
122;0;;;1;1;1;1;1;1;1;1;1;1;1;1;1;1;1;1;1;1;1;1;;;;;;;;;;;
123;0;;;1;1;1;1;1;1;1;1;1;1;1;1;1;1;1;1;1;1;1;1;;;;;;;;;;;
124;0;;;1;1;1;1;1;1;1;1;1;1;1;1;1;1;1;1;1;1;1;1;;;;;;;;;;;
125;0;;;1;1;1;1;1;1;1;1;1;1;1;1;1;1;1;1;1;1;1;1;;;;;;;;;;;
126;0;;;1;1;1;1;1;1;1;1;1;1;1;1;1;1;1;1;1;1;1;1;;;;;;;;;;;
127;0;;;1;1;1;1;1;1;1;1;1;1;1;1;1;1;1;1;1;1;1;1;;;;;;;;;;;
128;0;;;1;1;1;1;1;1;1;1;1;1;1;1;1;1;1;1;1;1;1;1;;;;;;;;;;;
129;0;;;1;1;1;1;1;1;1;1;1;1;1;1;1;1;1;1;1;1;1;1;;;;;;;;;;;
130;0;;;1;1;1;1;1;1;1;1;1;1;1;1;1;1;1;1;1;1;1;1;;;;;;;;;;;
131;0;;;1;1;1;1;1;1;1;1;1;1;1;1;1;1;1;1;1;1;1;1;;;;;;;;;;;
132;0;;;1;1;1;1;1;1;1;1;1;1;1;1;1;1;1;1;1;1;1;1;;;;;;;;;;;
133;0;;;1;1;1;1;1;1;1;1;1;1;1;1;1;1;1;1;1;1;1;1;;;;;;;;;;;
134;0;;;1;1;1;1;1;1;1;1;1;1;1;1;1;1;1;1;1;1;1;1;;;;;;;;;;;
135;0;;;1;1;1;1;1;1;1;1;1;1;1;1;1;1;1;1;1;1;1;1;;;;;;;;;;;
136;0;;;1;1;1;1;1;1;1;1;1;1;1;1;1;1;1;1;1;1;1;1;;;;;;;;;;;
137;0;;;1;1;1;1;1;1;1;1;1;1;1;1;1;1;1;1;1;1;1;1;;;;;;;;;;;
138;0;;;1;1;1;1;1;1;1;1;1;1;1;1;1;1;1;1;1;1;1;1;;;;;;;;;;;
139;0;;;1;1;1;1;1;1;1;1;1;1;1;1;1;1;1;1;1;1;1;1;;;;;;;;;;;
140;0;;;1;1;1;1;1;1;1;1;1;1;1;1;1;1;1;1;1;1;1;1;;;;;;;;;;;
141;0;;;1;1;1;1;1;1;1;1;1;1;1;1;1;1;1;1;1;1;1;1;;;;;;;;;;;
142;0;;;1;1;1;1;1;1;1;1;1;1;1;1;1;1;1;1;1;1;1;1;;;;;;;;;;;
143;0;;;1;1;1;1;1;1;1;1;1;1;1;1;1;1;1;1;1;1;1;1;;;;;;;;;;;
